id,IV_condition,IV_service_dummy,IV_portion_dummy,IV_service_dummy_by_IV_portion_dummy,DV_order_at_all,DV_order_large,DV_ounces_consumed,DV_calories_consumed,flavor,sex,age,ethnicity,comprehension_check,failed_comprehension_check
1,3,1,0,0,0, ,0,0, ,1,27,4, ,0
2,3,1,0,0,0, ,0,0, ,1,32,3, ,0
3,3,1,0,0,0, ,0,0, ,2,25,4, ,0
4,3,1,0,0,0, ,0,0, ,1,24,4, ,0
5,3,1,0,0,0, ,0,0, ,1,34,3, ,0
6,3,1,0,0,0, ,0,0, ,2,23,4, ,0
7,3,1,0,0,0, ,0,0, ,1,24,4, ,0
8,3,1,0,0,0, ,0,0, ,1,27,4, ,0
9,3,1,0,0,0, ,0,0, ,2,20,6, ,0
10,3,1,0,0,0, ,0,0, ,2,21,5, ,0
11,3,1,0,0,0, ,0,0, ,2,25,3, ,0
12,3,1,0,0,0, ,0,0, ,2,22,4, ,0
13,3,1,0,0,0, ,0,0, ,2,25,3, ,0
14,3,1,0,0,0, ,0,0, ,2,28,3, ,0
15,3,1,0,0,0, ,0,0, ,1,20,4, ,0
16,3,1,0,0,0, ,0,0, ,2,22,5, ,0
17,3,1,0,0,0, ,0,0, ,2,27,3, ,0
18,3,1,0,0,0, ,0,0, ,1,23,3, ,0
19,3,1,0,0,0, ,0,0, ,1,20,4, ,0
20,3,1,0,0,0, ,0,0, ,2,24,4, ,0
21,3,1,0,0,0, ,0,0, ,1,21,4, ,0
22,3,1,0,0,0, ,0,0, ,1,21,1, ,0
23,3,1,0,0,0, ,0,0, ,1,19,3, ,0
24,3,1,0,0,0, ,0,0, ,1,24,4, ,0
25,3,1,0,0,0, ,0,0, ,2,18,6, ,0
26,3,1,0,0,0, ,0,0, ,2,20,4, ,0
27,3,1,0,0,0, ,0,0, ,2,19,6, ,0
28,3,1,0,0,0, ,0,0, ,2,20,4, ,0
29,3,1,0,0,0, ,0,0, ,1,22,4, ,0
30,3,1,0,0,0, ,0,0, ,1,22,5, ,0
31,3,1,0,0,0, ,0,0, ,2,19,4, ,0
32,3,1,0,0,0, ,0,0, ,2,26,1,2,1
33,3,1,0,0,0, ,0,0, ,2,28,3,5,0
34,3,1,0,0,0, ,0,0, ,2,21,4,5,0
35,3,1,0,0,0, ,0,0, ,2,33,4,5,0
36,3,1,0,0,0, ,0,0, ,1,31,4,5,0
37,3,1,0,0,0, ,0,0, ,1,23, ,5,0
38,3,1,0,0,0, ,0,0, ,2,18,4,5,0
39,3,1,0,0,0, ,0,0, ,1,28,4,5,0
40,3,1,0,0,0, ,0,0, ,2,29,4,5,0
41,3,1,0,0,0, ,0,0, ,2,19,3,5,0
42,3,1,0,0,0, ,0,0, ,1,23,4,5,0
43,3,1,0,0,0, ,0,0, ,1,20,4,5,0
44,3,1,0,0,0, ,0,0, ,1,25,6,5,0
45,3,1,0,0,0, ,0,0, ,2,28,1,5,0
46,3,1,0,0,0, ,0,0, ,2,28,4,5,0
47,3,1,0,0,0, ,0,0, ,1,20,4,5,0
48,3,1,0,0,0, ,0,0, ,2,26,4,5,0
49,3,1,0,0,0, ,0,0, ,2,18,6,5,0
50,3,1,0,0,0, ,0,0, ,1, ,5,5,0
51,3,1,0,0,0, ,0,0, ,2,20,3,5,0
52,3,1,0,0,0, ,0,0, ,2,30,4,5,0
53,3,1,0,0,0, ,0,0, ,2,31,6,5,0
54,3,1,0,0,0, ,0,0, ,2,32,1,5,0
55,3,1,0,0,0, ,0,0, ,2,25,3,5,0
56,3,1,0,0,0, ,0,0, ,2,19,1,5,0
57,3,1,0,0,0, ,0,0, ,2,18,4,5,0
58,3,1,0,0,0, ,0,0, ,1,21,4,5,0
59,3,1,0,0,0, ,0,0, ,2, ,4, ,0
60,3,1,0,0,0, ,0,0, ,2,28,4,5,0
61,3,1,0,0,0, ,0,0, ,2,31,4,5,0
62,3,1,0,0,0, ,0,0, ,1,22,4,5,0
63,3,1,0,0,0, ,0,0, ,2,64,4,5,0
64,3,1,0,0,0, ,0,0, ,2,21,3,5,0
65,1,0,0,0,0, ,0,0, ,2,29,1, ,0
66,1,0,0,0,0, ,0,0, ,2,19,4, ,0
67,1,0,0,0,0, ,0,0, ,2,23,3, ,0
68,1,0,0,0,0, ,0,0, ,2,21,4, ,0
69,1,0,0,0,0, ,0,0, ,2,25,4, ,0
70,1,0,0,0,0, ,0,0, ,2,22,3, ,0
71,1,0,0,0,0, ,0,0, ,2,26,4, ,0
72,1,0,0,0,0, ,0,0, ,2,18,4, ,0
73,1,0,0,0,0, ,0,0, ,1,23,5, ,0
74,1,0,0,0,0, ,0,0, ,1,18,4, ,0
75,1,0,0,0,0, ,0,0, ,2,21,4, ,0
76,1,0,0,0,0, ,0,0, ,2,22,1, ,0
77,1,0,0,0,0, ,0,0, ,1,22,1, ,0
78,1,0,0,0,0, ,0,0, ,1,23,1, ,0
79,1,0,0,0,0, ,0,0, ,2,22,1, ,0
80,1,0,0,0,0, ,0,0, ,1,26,3, ,0
81,1,0,0,0,0, ,0,0, ,1,20,4, ,0
82,1,0,0,0,0, ,0,0, ,2,31,4, ,0
83,1,0,0,0,0, ,0,0, ,1,19,4, ,0
84,1,0,0,0,0, ,0,0, ,1,22,4, ,0
85,1,0,0,0,0, ,0,0, ,1,19,1, ,0
86,1,0,0,0,0, ,0,0, ,1,21,4, ,0
87,1,0,0,0,0, ,0,0, ,2,22,4, ,0
88,1,0,0,0,0, ,0,0, ,1,35,4, ,0
89,1,0,0,0,0, ,0,0, ,2, ,4, ,0
90,1,0,0,0,0, ,0,0, ,2,20,5, ,0
91,1,0,0,0,0, ,0,0, ,2,20,6, ,0
92,1,0,0,0,0, ,0,0, ,1,25,4, ,0
93,1,0,0,0,0, ,0,0, ,2,18,4, ,0
94,1,0,0,0,0, ,0,0, ,1,25,4, ,0
95,1,0,0,0,0, ,0,0, ,2,33,3, ,0
96,1,0,0,0,0, ,0,0, ,1,23,5, ,0
97,1,0,0,0,0, ,0,0, ,1,28,6, ,0
98,1,0,0,0,0, ,0,0, ,2,24,4, ,0
99,1,0,0,0,0, ,0,0, ,2,21,4, ,0
100,1,0,0,0,0, ,0,0, ,2, ,5, ,0
101,1,0,0,0,0, ,0,0, ,1,26,1, ,0
102,2,0,1,0,0, ,0,0, ,2,19,4, ,0
103,4,1,1,1,1,0,16,150,0,2,23,3, ,0
104,1,0,0,0,0, ,0,0, ,2,32,4, ,0
105,4,1,1,1,0, ,0,0, ,1,25,4, ,0
106,2,0,1,0,0, ,0,0, ,1,22,4, ,0
107,2,0,1,0,0, ,0,0, ,2,21,4,5,0
108,1,0,0,0,0, ,0,0, ,2,20,3, ,0
109,4,1,1,1,0, ,0,0, ,2,21,4, ,0
110,2,0,1,0,0, ,0,0, ,2,18,3, ,0
111,2,0,1,0,1,0,16,96,1,2,27,3,3,0
112,1,0,0,0,0, ,0,0, ,2,22,4,5,0
113,1,0,0,0,1,0,9.07,54.42,1,1,23,4,2,0
114,2,0,1,0,0, ,0,0, ,1,22,4, ,0
115,2,0,1,0,1,0,16,96,1,2,25,5, ,0
116,4,1,1,1,1,0,11.11,104.15625,0,2,19,1, ,0
117,1,0,0,0,0, ,0,0, ,1,21,4,5,0
118,4,1,1,1,0, ,0,0, ,1,26,4, ,0
119,2,0,1,0,0, ,0,0, ,2,21,3, ,0
120,2,0,1,0,0, ,0,0, ,2,32,1,3,1
121,1,0,0,0,0, ,0,0, ,2, ,4,3,1
122,2,0,1,0,0, ,0,0, ,1,21,3,5,0
123,4,1,1,1,1,1,24,144,1,1,22,1, ,0
124,2,0,1,0,1,1,12,72,1,1,24,3, ,0
125,1,0,0,0,0, ,0,0, ,2,31,6,5,0
126,1,0,0,0,1,0,16,150,0,1,36,4,2,0
127,1,0,0,0,0, ,0,0, ,1,33,3,5,0
128,1,0,0,0,0, ,0,0, ,1,21,4,5,0
129,1,0,0,0,0, ,0,0, ,1,32,1,5,0
130,1,0,0,0,1,0,1.67,10.02,1,1,30,6, ,0
131,1,0,0,0,0, ,0,0, ,2,27,4,5,0
132,1,0,0,0,0, ,0,0, ,1,22,4,5,0
133,1,0,0,0,0, ,0,0, ,2,21,3,5,0
134,2,0,1,0,0, ,0,0, ,1, ,4,5,0
135,2,0,1,0,1,0,9.92,59.52,1,2,21,3, ,0
136,1,0,0,0,0, ,0,0, ,2,30,4,5,0
137,2,0,1,0,0, ,0,0, ,2,32,3, ,0
138,2,0,1,0,1,0,16,96,1,2,19,1,3,0
139,1,0,0,0,0, ,0,0, ,2,23,3,5,0
140,2,0,1,0,1,0,16,96,1,2,27,4, ,0
141,2,0,1,0,1,0,16,150,0,1,18,3,3,0
142,1,0,0,0,0, ,0,0, ,2,21,4,2,1
143,1,0,0,0,1,1,19.83,185.90625,0,1,26,1,5,1
144,2,0,1,0,1,1,24,144,1,1,19,1,3,0
145,2,0,1,0,1,0,16,96,1,2,20,4, ,0
146,1,0,0,0,0, ,0,0, ,1,24,6,5,0
147,2,0,1,0,0, ,0,0, ,2,21,4,5,0
148,2,0,1,0,1,0,7.64,71.625,0,1,21,4, ,0
149,1,0,0,0,0, ,0,0, ,2,24,3,5,0
150,1,0,0,0,1,1,21.64,202.875,0,1,24,6,5,1
151,2,0,1,0,0, ,0,0, ,2,24,3, ,0
152,2,0,1,0,0, ,0,0, ,2,28,3,5,0
153,1,0,0,0,0, ,0,0, ,2,22,6,5,0
154,4,1,1,1,1,0,16,96,1,1,19,6, ,0
155,1,0,0,0,0, ,0,0, ,1,36,4,5,0
156,4,1,1,1,0, ,0,0, ,1,33,6,5,0
157,4,1,1,1,1,0,16,96,1,1,21,4,3,0
158,1,0,0,0,0, ,0,0, ,1,19,4,5,0
159,4,1,1,1,0, ,0,0, ,1,22,4,5,0
160,4,1,1,1,1,1,24,225,0,1,31,4,3,0
161,1,0,0,0,0, ,0,0, ,1,20,4,5,0
162,3,1,0,0,1,1,24,225,0,1,32,6,5,1
163,4,1,1,1,1,0,16,96,1,2,22,3, ,0
164,4,1,1,1,1,0,12.28,115.125,0,2,22,4,1,1
165,1,0,0,0,0, ,0,0, ,1,26,4,5,0
166,1,0,0,0,0, ,0,0, ,2,31,6,5,0
167,1,0,0,0,0, ,0,0, ,2,21,4,5,0
168,4,1,1,1,0, ,0,0, ,1,32,4, ,0
169,1,0,0,0,0, ,0,0, ,2,25,4,5,0
170,3,1,0,0,1,1,11.99,112.40625,0,2,29,4, ,0
171,1,0,0,0,0, ,0,0, ,1,28,4,5,0
172,1,0,0,0,0, ,0,0, ,1,52,4,5,0
173,3,1,0,0,1,0,10.68,100.125,0,2,22,6,1,1
174,4,1,1,1,0, ,0,0, ,2,23,6, ,0
175,3,1,0,0,1,1,24,144,1,1,22,4, ,0
176,4,1,1,1,0, ,0,0, ,2,23,6,5,0
177,3,1,0,0,1,1,24,144,1,2,31,3, ,0
178,3,1,0,0,1,1,11.42,68.52,1,1,34,4,2,0
179,4,1,1,1,1,0,16,150,0,2,22,3, ,0
180,3,1,0,0,1,1,24,144,1,2,20,3, ,0
181,3,1,0,0,1,0,10.35,97.03125,0,2,19,1,2,0
182,4,1,1,1,0, ,0,0, ,2,20,4,5,0
183,3,1,0,0,1,1,24,144,1,1,18,4, ,0
184,4,1,1,1,0, ,0,0, ,2,27,5, ,0
185,4,1,1,1,1,0,16,150,0,2,18,3,3,0
186,3,1,0,0,1,1,24,144,1,2,21,2, ,0
187,4,1,1,1,1,0,6.23,37.38,1,1,23,4,1,1
188,4,1,1,1,1,0,16,150,0,2,22,3,3,0
189,3,1,0,0,1,1,24,144,1,1,19,6,3,1
190,3,1,0,0,1,0,16,150,0,1,22,5, ,0
191,4,1,1,1,0, ,0,0, ,2,21,4,5,0
192,3,1,0,0,1,1,24,144,1,2,21,3,2,0
193,4,1,1,1,0, ,0,0, ,2,30,3, ,0
194,3,1,0,0,1,1,24,144,1,2,18,6,1,1
195,4,1,1,1,0, ,0,0, ,2,25,1, ,0
196,3,1,0,0,1,1,24,144,1,2,30,4,2,0
197,3,1,0,0,1,1,24,144,1,2,26,4,2,0
198,3,1,0,0,1,1,24,144,1,2,23,4,2,0
199,3,1,0,0,1,1,24,144,1,2,24,3,2,0
200,3,1,0,0,1,1,24,144,1,2,22,4,2,0
201,3,1,0,0,1,1,24,144,1,1,70,4,2,0
202,3,1,0,0,1,1,24,144,1,2,42,4,2,0
203,3,1,0,0,1,1,24,144,1,1, ,3,2,0
204,1,0,0,0,1,1,24,144,1,1,23,5, ,0
205,1,0,0,0,1,1,24,144,1,1,18,7, ,0
206,1,0,0,0,1,1,24,144,1,1,26,1, ,0
207,1,0,0,0,1,1,24,144,1,1,27,4, ,0
208,1,0,0,0,1,1,24,144,1,2,18,6, ,0
209,1,0,0,0,1,1,24,144,1,1,24,3, ,0
210,1,0,0,0,1,1,24,144,1,2,18,4, ,0
211,1,0,0,0,1,1,24,144,1,2,25,3, ,0
212,1,0,0,0,1,1,24,144,1,1,22,4, ,0
213,1,0,0,0,1,1,24,144,1,1,30,3,2,0
214,1,0,0,0,1,1,24,144,1,2,20,4,2,0
215,1,0,0,0,1,1,24,144,1,1,24,6,2,0
216,1,0,0,0,1,1,24,144,1,2,22,4,2,0
217,1,0,0,0,1,1,24,144,1,1,29,6,2,0
218,1,0,0,0,1,1,24,144,1,1,26,5,2,0
219,1,0,0,0,1,1,24,144,1,1,21,4,2,0
220,1,0,0,0,1,1,24,144,1,1,19,1,2,0
221,3,1,0,0,1,0,16,96,1,2,18,4, ,0
222,3,1,0,0,1,0,16,96,1,2,22,6, ,0
223,3,1,0,0,1,0,16,96,1,1,27,3, ,0
224,3,1,0,0,1,0,16,96,1,2,24,3, ,0
225,3,1,0,0,1,0,16,96,1,2,32,4, ,0
226,3,1,0,0,1,0,16,96,1,2,27,4, ,0
227,3,1,0,0,1,0,16,96,1,1,31,4, ,0
228,3,1,0,0,1,0,16,96,1,1,23,3, ,0
229,3,1,0,0,1,0,16,96,1,2,18,3, ,0
230,3,1,0,0,1,0,16,96,1,2,22,6, ,0
231,3,1,0,0,1,0,16,96,1,1,22,3, ,0
232,3,1,0,0,1,0,16,96,1,2,22,4,1,1
233,3,1,0,0,1,0,16,96,1,1,18,3,1,1
234,3,1,0,0,1,0,16,96,1,1,26,4,2,0
235,3,1,0,0,1,0,16,96,1,1,22,4,2,0
236,3,1,0,0,1,0,16,96,1,2,20,3,2,0
237,3,1,0,0,1,0,16,96,1,1,29,4,2,0
238,3,1,0,0,1,0,16,96,1,2,33,4,2,0
239,3,1,0,0,1,0,16,96,1,2,19,4,2,0
240,3,1,0,0,1,0,16,96,1,1,20,4,2,0
241,3,1,0,0,1,0,16,96,1,2,21,5,2,0
242,3,1,0,0,1,0,16,96,1,1,23,3,2,0
243,3,1,0,0,1,0,16,96,1,1,31,3,2,0
244,3,1,0,0,1,0,16,96,1,1, ,4,2,0
245,3,1,0,0,1,0,16,96,1,2,57,1,2,0
246,1,0,0,0,1,0,16,96,1,1,31,1, ,0
247,1,0,0,0,1,0,16,96,1,1,19,1, ,0
248,1,0,0,0,1,0,16,96,1,2,20,5, ,0
249,1,0,0,0,1,0,16,96,1,1,31,3,1,1
250,1,0,0,0,1,0,16,96,1,2,19,4,2,0
251,1,0,0,0,1,0,16,96,1,2,33,4,1,1
252,1,0,0,0,1,0,16,96,1,2,19,4,2,0
253,1,0,0,0,1,0,16,96,1,2,21,6,2,0
254,1,0,0,0,1,0,16,96,1,1,24,3,2,0
255,1,0,0,0,1,0,16,96,1,2,25,3,2,0
256,1,0,0,0,1,0,16,96,1,2,21,4,2,0
257,1,0,0,0,1,0,16,96,1,1,23,1,2,0
258,2,0,1,0,1,0,16,96,1,2, ,1, ,0
259,2,0,1,0,1,0,3.67,22.02,1,1,34,1, ,0
260,2,0,1,0,0, ,0,0, ,1,22,1, ,0
261,2,0,1,0,0, ,0,0, ,1,18,6, ,0
262,1,0,0,0,1,1,24,225,0,1,25,1,2,0
263,2,0,1,0,1,0,3.87,23.22,1,1,22,6, ,0
264,2,0,1,0,1,1,24,144,1,2,26,4, ,0
265,1,0,0,0,1,0,16,150,0,1,24,6,2,0
266,2,0,1,0,1,1,24,225,0,1,24,6,3,0
267,1,0,0,0,1,0,10.44,62.64,1,2,30,1,2,0
268,2,0,1,0,0, ,0,0, ,2,21,4,5,0
269,1,0,0,0,1,0,4.67,43.78125,0,2,24,4, ,0
270,2,0,1,0,0, ,0,0, ,2,20,3,5,0
271,1,0,0,0,1,0,16,150,0,1,20,3, ,0
272,2,0,1,0,1,0,4.33,25.98,1,2,23,1,3,0
273,2,0,1,0,0, ,0,0, ,2,27,1,5,0
274,1,0,0,0,1,1,16.71,100.26,1,1,26,1, ,0
275,2,0,1,0,1,0,8.38,50.28,1,1,23,3,2,1
276,2,0,1,0,1,1,18.2,109.2,1,2,26,4,3,0
277,1,0,0,0,1,0,14.84,139.125,0,2,28,1,1,1
278,2,0,1,0,1,0,6.24,37.44,1,1,19,4,3,0
279,1,0,0,0,1,0,12.5,75,1,1,28,5,2,0
280,2,0,1,0,0, ,0,0, ,1,21,4,5,0
281,3,1,0,0,1,0,16,150,0,1,21,4,2,0
282,4,1,1,1,0, ,0,0, ,2,19,4,5,0
283,3,1,0,0,1,0,16,150,0,1,24,1,2,0
284,4,1,1,1,1,1,19.97,119.82,1,2,23,1,3,0
285,4,1,1,1,0, ,0,0, ,1,21,4, ,0
286,3,1,0,0,1,1,17.61,165.09375,0,2,35,4, ,0
287,4,1,1,1,0, ,0,0, ,1,24,4,5,0
288,4,1,1,1,1,1,24,225,0,1,23,4,3,0
289,4,1,1,1,1,0,16,150,0,1,27,5, ,0
290,4,1,1,1,1,0,16,150,0,1,25,3,1,1
291,3,1,0,0,1,0,11.37,68.22,1,2,26,4,1,1
292,4,1,1,1,1,0,16,96,1,2,26,3, ,0
293,4,1,1,1,1,0,16,150,0,1,28,5,2,1
294,3,1,0,0,1,1,17.21,103.26,1,1,23,4, ,0
295,4,1,1,1,0, ,0,0, ,1,26,4,5,0
296,4,1,1,1,1,0,12.3,73.8,1,1,35,4,3,0
297,4,1,1,1,0, ,0,0, ,1,23,4, ,0
298,4,1,1,1,0, ,0,0, ,2,20,4,5,0
299,4,1,1,1,0, ,0,0, ,2,21,3,5,0
300,4,1,1,1,1,0,16,96,1,2,21,4, ,0
301,2,0,1,0,0, ,0,0, ,2,19,3, ,0
302,1,0,0,0,1,0,8.65,51.9,1,2,18,6,2,0
303,2,0,1,0,1,1,24,144,1,2,18,3, ,0
304,2,0,1,0,1,0,16,150,0,2,22,4, ,0
305,2,0,1,0,1,0,16,150,0,2,22,1, ,0
306,2,0,1,0,1,0,8.13,48.78,1,2,20,3, ,0
307,1,0,0,0,1,0,16,150,0,1,22,5,2,0
308,2,0,1,0,1,0,16,96,1,2,22,4, ,0
309,1,0,0,0,1,0,16,150,0,2,20,4, ,0
310,2,0,1,0,1,0,16,150,0,2,20,3,1,1
311,2,0,1,0,0, ,0,0, ,2,21,4,5,0
312,2,0,1,0,0, ,0,0, ,2,31,6,5,0
313,2,0,1,0,1,1,15.89,95.34,1,1,20,1,5,1
314,2,0,1,0,1,0,16,150,0,1,20,1,3,0
315,1,0,0,0,1,0,7.91,74.15625,0,2,22,3, ,0
316,1,0,0,0,1,1,9.79,58.74,1,2,24,3,2,0
317,2,0,1,0,0, ,0,0, ,1,21,4, ,0
318,2,0,1,0,1,0,16,96,1,2,30,1,3,0
319,2,0,1,0,1,0,16,150,0,2,20,4, ,0
320,2,0,1,0,0, ,0,0, ,2,26,1,5,0
321,2,0,1,0,1,0,16,150,0,1,21,4, ,0
322,2,0,1,0,1,0,16,96,1,2,18,3, ,0
323,2,0,1,0,1,0,16,96,1,1,33,3,3,0
324,2,0,1,0,0, ,0,0, ,1,27,4, ,0
325,2,0,1,0,1,0,11.67,70.02,1,2,18,6,3,0
326,2,0,1,0,0, ,0,0, ,2,24,1, ,0
327,2,0,1,0,0, ,0,0, ,2,30,4,5,0
328,4,1,1,1,0, ,0,0, ,2,27,4, ,0
329,4,1,1,1,1,0,16,150,0,1,19,4, ,0
330,3,1,0,0,1,1,20.71,124.26,1,2,27,3,2,0
331,4,1,1,1,1,0,12.77,76.62,1,2,19,5, ,0
332,4,1,1,1,1,0,16,150,0,2,26,1,3,0
333,3,1,0,0,1,0,3.47,20.82,1,2,28,3, ,0
334,3,1,0,0,1,0,8.87,83.15625,0,1,21,1, ,0
335,4,1,1,1,1,0,12.69,76.14,1,1,33,3,3,0
336,4,1,1,1,1,0,16,96,1,2,21,4, ,0
337,4,1,1,1,1,1,24,225,0,1,20,1,3,0
338,3,1,0,0,1,1,11.5,69,1,1,32,3, ,0
339,3,1,0,0,1,1,24,225,0,1,21,4,2,0
340,3,1,0,0,1,0,16,150,0,2,21,5,2,0
341,3,1,0,0,1,0,16,150,0,2,30,4,1,1
342,4,1,1,1,1,1,24,225,0,1,20,4,3,0
343,4,1,1,1,1,0,14.07,131.90625,0,2,21,4, ,0
344,4,1,1,1,0, ,0,0, ,2,24,3, ,0
345,4,1,1,1,0, ,0,0, ,1,27,1,2,1
346,4,1,1,1,0, ,0,0, ,1,20,4, ,0
347,3,1,0,0,1,0,10.52,63.12,1,2,26,4, ,0
348,4,1,1,1,1,0,16,150,0,2,21,5,3,0
349,4,1,1,1,0, ,0,0, ,2,21,3,1,1
350,4,1,1,1,0, ,0,0, ,1,26,4,5,0
351,4,1,1,1,1,0,16,96,1,2,25,4, ,0
352,1,0,0,0,1,1,19.19,115.14,1,2,22,5,2,0
353,2,0,1,0,0, ,0,0, ,2,33,1, ,0
354,1,0,0,0,1,1,24,225,0,2,18,4,2,0
355,2,0,1,0,0, ,0,0, ,2,27,4, ,0
356,1,0,0,0,1,0,16,150,0,2,25,4,2,0
357,2,0,1,0,1,0,16,96,1,2,18,6, ,0
358,1,0,0,0,1,0,16,150,0,2,21,3,2,0
359,2,0,1,0,1,1,19.66,117.96,1,1,22,4, ,0
360,1,0,0,0,1,0,16,96,1,2,33,4,2,0
361,2,0,1,0,1,1,20.65,123.9,1,1,30,3, ,0
362,2,0,1,0,1,0,14.47,86.82,1,2,19,4, ,0
363,1,0,0,0,1,0,4.79,28.74,1,2,22,4, ,0
364,1,0,0,0,1,1,24,225,0,2,24,4,2,0
365,2,0,1,0,1,0,16,96,1,2,26,1,3,0
366,2,0,1,0,1,0,0,0,0,2,19,1,3,0
367,2,0,1,0,0, ,0,0, ,2,31,4,5,0
368,2,0,1,0,1,0,15.16,142.125,0,1,23,1,1,1
369,1,0,0,0,1,1,8.75,82.03125,0,1,22,5, ,0
370,1,0,0,0,1,0,11.87,111.28125,0,1,33,3,2,0
371,2,0,1,0,1,1,24,225,0,2,30,4,3,0
372,2,0,1,0,1,1,12,112.5,0,1,20,1,3,0
373,1,0,0,0,1,0,16,150,0,2,19,4, ,0
374,2,0,1,0,1,0,16,96,1,1,20,1,3,0
375,2,0,1,0,1,0,7.53,45.18,1,1,36,4,3,0
376,2,0,1,0,1,1,10.22,61.32,1,2,22,6,2,1
377,4,1,1,1,0, ,0,0, ,2,22,4,5,0
378,3,1,0,0,1,1,21.48,201.375,0,1,35,3,2,0
379,4,1,1,1,1,1,24,144,1,2,19,5, ,0
380,3,1,0,0,1,0,16,150,0,1,21,4, ,0
381,4,1,1,1,0, ,0,0, ,2,24,3,5,0
382,4,1,1,1,0, ,0,0, ,2,24,4, ,0
383,4,1,1,1,1,1,24,225,0,1,26,4, ,0
384,4,1,1,1,1,0,16,96,1,2,24,4, ,0
385,4,1,1,1,0, ,0,0, ,1,22,4,5,0
386,3,1,0,0,1,0,16,150,0,1,21,4, ,0
387,4,1,1,1,1,0,11.74,70.44,1,2,28,4,3,0
388,3,1,0,0,1,0,16,150,0,2,25,4, ,0
389,4,1,1,1,1,1,21.68,203.25,0,1,25,6,3,0
390,3,1,0,0,1,0,10.87,101.90625,0,2,25,3,2,0
391,4,1,1,1,1,0,13.37,80.22,1,1,20,4, ,0
392,4,1,1,1,1,0,16,150,0,2,21,6,5,1
393,3,1,0,0,1,0,16,150,0,1,33,6,1,1
394,4,1,1,1,0, ,0,0, ,2,23,4,5,0
395,4,1,1,1,1,0,16,96,1,2,23,3,3,0
396,4,1,1,1,0, ,0,0, ,1,21,4, ,0
397,4,1,1,1,1,0,16,96,1,2,24,4,3,0
398,4,1,1,1,0, ,0,0, ,2,22,4,5,0
399,4,1,1,1,0, ,0,0, ,2,18,4, ,0
400,2,0,1,0,0, ,0,0, ,1,31,4, ,0
401,2,0,1,0,1,1,24,225,0,1,18,3, ,0
402,1,0,0,0,1,0,12.54,117.5625,0,2,19,4,2,0
403,2,0,1,0,0, ,0,0, ,2,22,5, ,0
404,2,0,1,0,0, ,0,0, ,2,31,1, ,0
405,2,0,1,0,1,0,16,150,0,2, ,4, ,0
406,2,0,1,0,1,0,14.21,85.26,1,2,26,3, ,0
407,1,0,0,0,1,1,9.11,85.40625,0,1,22,4, ,0
408,2,0,1,0,1,1,24,144,1,1,29,4,3,0
409,1,0,0,0,1,0,16,150,0,2,23,4, ,0
410,2,0,1,0,1,1,22.05,206.71875,0,1,19,4,5,1
411,2,0,1,0,1,0,13,121.875,0,1,27,4,3,0
412,1,0,0,0,1,0,11.24,67.44,1,2,33,4, ,0
413,2,0,1,0,0, ,0,0, ,2,29,5,5,0
414,2,0,1,0,1,0,7.1,42.6,1,2,19, , ,0
415,2,0,1,0,0, ,0,0, ,2,38,4,2,1
416,1,0,0,0,1,0,12.09,113.34375,0,1,23,3,2,0
417,2,0,1,0,1,0,16,96,1,2,22,4,3,0
418,2,0,1,0,0, ,0,0, ,2,22,4,5,0
419,2,0,1,0,1,0,16,150,0,2,30,4,3,0
420,4,1,1,1,1,1,24,225,0,1,22,4,3,0
421,4,1,1,1,1,0,16,150,0,1,21,4,3,0
422,4,1,1,1,1,0,16,96,1,2,25,4,3,0
423,3,1,0,0,1,0,11.34,106.3125,0,1,21,3,2,0
424,4,1,1,1,1,0,16,96,1,2,21,4,3,0
425,4,1,1,1,1,0,16,96,1,2,25,5,3,0
426,3,1,0,0,1,0,16,150,0,1,25,3,2,0
427,4,1,1,1,0, ,0,0, ,2,25,4, ,0
428,4,1,1,1,1,0,16,96,1,2,35,3,3,0
429,3,1,0,0,1,1,24,225,0,1,29,1,2,0
430,4,1,1,1,0, ,0,0, ,1,23,5, ,0
431,4,1,1,1,0, ,0,0, ,2,35,3,5,0
432,4,1,1,1,1,0,16,150,0,2,38,4,3,0
433,4,1,1,1,1,0,6.18,57.9375,0,2,20,3, ,0
434,3,1,0,0,1,0,16,150,0,1,31,4,5,1
435,4,1,1,1,1,0,16,150,0,2,25,5, ,0
436,4,1,1,1,1,0,16,96,1,1,21,4, ,0
437,3,1,0,0,1,1,11.4,106.875,0,1,27,4, ,0
438,3,1,0,0,1,0,16,150,0,2,21,5, ,0
439,4,1,1,1,0, ,0,0, ,1,21,4, ,0
440,2,0,1,0,1,0,16,96,1,2,21,4, ,0
441,2,0,1,0,1,0,16,96,1,2,24,1, ,0
442,2,0,1,0,1,0,16,150,0,1,22,3, ,0
443,1,0,0,0,1,1,24,225,0,2,20,1,2,0
444,2,0,1,0,1,0,11.64,69.84,1,1,18,5, ,0
445,2,0,1,0,1,0,11.48,107.625,0,2,18,4, ,0
446,2,0,1,0,1,1,17.1,102.6,1,1,27,3,3,0
447,2,0,1,0,1,0,7.86,47.16,1,2,19,3,3,0
448,1,0,0,0,1,0,13.96,83.76,1,1,20,4, ,0
449,2,0,1,0,0, ,0,0, ,2,20,4,5,0
450,1,0,0,0,1,0,14.03,131.53125,0,1,23,4, ,0
451,2,0,1,0,1,0,5.87,35.22,1,2,19,1,5,1
452,1,0,0,0,1,1,19.53,117.18,1,1,26,1, ,0
453,2,0,1,0,1,1,18.44,110.64,1,2,19,6,3,0
454,1,0,0,0,1,1,9.16,54.96,1,1,19,6,2,0
455,2,0,1,0,1,0,16,150,0,1,23,3,3,0
456,1,0,0,0,1,1,24,225,0,1,19,4,2,0
457,2,0,1,0,1,1,21.61,129.66,1,2,21,4,3,0
458,1,0,0,0,1,0,16,150,0,2,29,4,2,0
459,2,0,1,0,1,0,16,150,0,1,23,3,3,0
460,1,0,0,0,1,1,15.07,90.42,1,1,24,6,2,0
461,2,0,1,0,0, ,0,0, ,1,19,6,5,0
462,4,1,1,1,0, ,0,0, ,1,35,3,5,0
463,4,1,1,1,0, ,0,0, ,1,21,3,5,0
464,4,1,1,1,1,0,16,150,0,1,23,4,3,0
465,4,1,1,1,1,1,24,144,1,1,22,3,3,0
466,4,1,1,1,0, ,0,0, ,2,21,3, ,0
467,4,1,1,1,0, ,0,0, ,1,21,4, ,0
468,4,1,1,1,0, ,0,0, ,2,18,5,5,0
469,4,1,1,1,1,0,11.06,66.36,1,1,27,6, ,0
470,4,1,1,1,1,0,16,96,1,1,26,4,3,0
471,4,1,1,1,1,1,8.24,49.44,1,2,20,3, ,0
472,4,1,1,1,0, ,0,0, ,1,18,5, ,0
473,2,0,1,0,0, ,0,0, ,1,19,4, ,0
474,2,0,1,0,1,1,20.78,194.8125,0,1,18,3, ,0
475,2,0,1,0,1,0,5.21,31.26,1,2,19,6, ,0
476,2,0,1,0,0, ,0,0, ,1,20,4, ,0
477,2,0,1,0,1,0,16,96,1,1,22,4, ,0
478,1,0,0,0,1,1,12.39,74.34,1,2,19,3,2,0
479,2,0,1,0,0, ,0,0, ,2,27,4,5,0
480,1,0,0,0,1,0,9.67,58.02,1,1,24,4, ,0
481,2,0,1,0,1,0,16,96,1,2,22,4,3,0
482,2,0,1,0,0, ,0,0, ,1,28,4,5,0
483,2,0,1,0,1,1,24,225,0,1,24,4,3,0
484,2,0,1,0,1,0,16,96,1,1,20,1,3,0
485,2,0,1,0,1,0,16,150,0,2,18,4,2,1
486,2,0,1,0,0, ,0,0, ,2,22,4,5,0
487,2,0,1,0,1,1,12.67,76.02,1,2,18,2,3,0
488,2,0,1,0,0, ,0,0, ,2,19,5,5,0
489,1,0,0,0,1,0,7.37,69.09375,0,1,33,4,2,0
490,1,0,0,0,1,0,13.17,123.46875,0,1,33,3,2,0
491,1,0,0,0,1,0,16,96,1,2,27,4,2,0
492,1,0,0,0,1,1,24,225,0,2,22,4,2,0
493,2,0,1,0,0, ,0,0, ,2,29,5,5,0
494,1,0,0,0,1,1,24,225,0,1,23,3,2,0
495,2,0,1,0,1,1,21.65,202.96875,0,2,18,4,3,0
496,4,1,1,1,1,0,16,96,1,1,22,1,3,0
497,3,1,0,0,1,0,10.81,64.86,1,1,31,4,2,0
498,3,1,0,0,1,0,12.77,119.71875,0,2,18,6,5,1
499,3,1,0,0,1,0,5.19,48.65625,0,2,38,4,2,0
500,3,1,0,0,1,0,12.63,118.40625,0,2,24,3,2,0
501,3,1,0,0,1,0,10.04,60.24,1,1,21,4,2,0
502,4,1,1,1,0, ,0,0, ,2,24,4,5,0
503,4,1,1,1,0, ,0,0, ,2,25,3,5,0
504,3,1,0,0,1,0,16,150,0,1,55,4,2,0
505,4,1,1,1,1,0,5.3,31.8,1,1,22,1,2,1
506,3,1,0,0,1,1,15.56,93.36,1,2,21,4, ,0
507,3,1,0,0,1,0,16,150,0,2,28,4,2,0
508,4,1,1,1,1,0,16,150,0,1,26,4, ,0
509,4,1,1,1,1,0,16,96,1,2,20,4,2,1
510,4,1,1,1,1,0,3.76,22.56,1,1,39,4, ,0
511,4,1,1,1,0, ,0,0, ,2,33,4,5,0
512,3,1,0,0,1,0,16,150,0,1,22,4,2,0
513,4,1,1,1,1,0,16,150,0,1,19,4, ,0
514,3,1,0,0,1,1,24,225,0,2,22,3, ,0
515,3,1,0,0,1,0,6.83,40.98,1,1,19,1, ,0
516,4,1,1,1,0, ,0,0, ,2,37,4, ,0
517,1,0,0,0,1,0,16,150,0,1,22,4,2,0
518,2,0,1,0,1,1,24,225,0,1,31,6, ,0
519,1,0,0,0,1,0,3.22,19.32,1,2,22,3,5,1
520,2,0,1,0,0, ,0,0, ,2,20,4, ,0
521,2,0,1,0,1,0,16,96,1,1,30,4, ,0
522,2,0,1,0,1,0,16,150,0,1,18,3, ,0
523,1,0,0,0,1,1,24,225,0,1,25,3,2,0
524,2,0,1,0,0, ,0,0, ,2,26,1, ,0
525,1,0,0,0,1,0,7.13,42.78,1,2,22,5,2,0
526,2,0,1,0,0, ,0,0, ,2,28,6, ,0
527,2,0,1,0,1,1,20.8,124.8,1,1,24,3,3,0
528,1,0,0,0,1,0,13.31,79.86,1,2,18,4, ,0
529,2,0,1,0,1,0,16,150,0,1,26,4,3,0
530,2,0,1,0,1,0,16,96,1,2,31,4,2,1
531,2,0,1,0,0, ,0,0, ,2,31,4,5,0
532,1,0,0,0,1,1,24,225,0,1,19,6, ,0
533,2,0,1,0,0, ,0,0, ,2,21,4,5,0
534,1,0,0,0,1,0,16,150,0,1,27,4,2,0
535,2,0,1,0,1,1,15.1,90.6,1,1,23,4,2,1
536,2,0,1,0,1,0,3.43,32.15625,0,1,26,3,5,1
537,1,0,0,0,1,0,16,150,0,2,31,4,2,0
538,2,0,1,0,0, ,0,0, ,2,23,4,2,1
539,2,0,1,0,0, ,0,0, ,1,24,4,5,0
540,1,0,0,0,1,0,14.47,86.82,1,1,28,5,2,0
541,2,0,1,0,1,0,8.91,53.46,1,2,18,6,3,0
542,1,0,0,0,1,0,16,150,0,1,36,4,2,0
543,1,0,0,0,1,1,17.09,160.21875,0,2,18,1, ,0
544,2,0,1,0,0, ,0,0, ,2,26,1,5,0
545,3,1,0,0,1,0,16,150,0,1,22,3, ,0
546,3,1,0,0,1,0,13.24,124.125,0,2,26,4,2,0
547,4,1,1,1,0, ,0,0, ,2,24,3,5,0
548,4,1,1,1,0, ,0,0, ,1,22,4, ,0
549,3,1,0,0,1,0,16,150,0,2,24,4,2,0
550,4,1,1,1,0, ,0,0, ,2,19,3,5,0
551,3,1,0,0,1,1,24,225,0,1,22,3,2,0
552,4,1,1,1,1,0,16,96,1,2, ,1, ,0
553,4,1,1,1,0, ,0,0, ,2,25,1, ,0
554,4,1,1,1,0, ,0,0, ,1,22,4,5,0
555,4,1,1,1,1,1,18.27,171.28125,0,1,27,4,2,1
556,4,1,1,1,1,1,24,144,1,1,19,4,3,0
557,4,1,1,1,1,0,16,96,1,2,19,4,2,1
558,4,1,1,1,0, ,0,0, ,2,21,4, ,0
559,3,1,0,0,1,0,9.41,88.21875,0,2,21,4, ,0
560,4,1,1,1,0, ,0,0, ,1,27,6,5,0
561,4,1,1,1,1,0,16,150,0,1,25,3,3,0
562,3,1,0,0,1,0,8.18,76.6875,0,1,19,5,2,0
563,4,1,1,1,1,0,16,96,1,2,21,3,3,0
564,3,1,0,0,1,0,6.45,60.46875,0,1,26,4,2,0
565,3,1,0,0,1,0,10,60,1,2,21,4,2,0
566,4,1,1,1,0, ,0,0, ,2,19,3,5,0
567,4,1,1,1,1,0,6.55,61.40625,0,1,18,3, ,0
568,3,1,0,0,1,1,24,225,0,2,18,6,2,0
569,4,1,1,1,1,0,16,96,1,2,20,5,3,0
570,4,1,1,1,1,0,10.01,60.06,1,2,21,3, ,0
571,3,1,0,0,1,1,17.2,103.2,1,1,26,4, ,0
572,4,1,1,1,1,0,16,96,1,1,19,4, ,0
573,4,1,1,1,1,0,12.29,73.74,1,2,28,4, ,0
574,4,1,1,1,1,1,24,144,1,2,33,1, ,0
575,4,1,1,1,0, ,0,0, ,2, ,6, ,0
576,2,0,1,0,1,0,16,150,0,2,23,1, ,0
577,2,0,1,0,0, ,0,0, ,1,24,4, ,0
578,2,0,1,0,1,0,16,150,0,1,19,6, ,0
579,2,0,1,0,0, ,0,0, ,2,39,4, ,0
580,4,1,1,1,0, ,0,0, ,2,21,3, ,0
581,4,1,1,1,1,0,16,150,0,2,20,4, ,0
582,4,1,1,1,0, ,0,0, ,1,25,3, ,0
583,4,1,1,1,0, ,0,0, ,1,22,4, ,0
584,3,1,0,0,1,1,15.42,92.52,1,2,21,4, ,0
585,2,0,1,0,1,1,24,225,0,2,28,4, ,0
586,2,0,1,0,0, ,0,0, ,2,37,4, ,0
587,2,0,1,0,1,0,9.19,55.14,1,2,22,4, ,0
588,1,0,0,0,1,1,12.74,119.4375,0,1,23,3, ,0
589,1,0,0,0,1,0,7.63,45.78,1,2,20,4, ,0
590,4,1,1,1,0, ,0,0, ,1,19,4, ,0
591,4,1,1,1,1,0,16,96,1,2,20,1, ,0
592,3,1,0,0,1,1,24,225,0,1,20,4, ,0
593,2,0,1,0,1,1,14.16,84.96,1,1,19,4, ,0
594,2,0,1,0,0, ,0,0, ,2,21,4, ,0
595,2,0,1,0,0, ,0,0, ,2,26,4, ,0
596,2,0,1,0,0, ,0,0, ,1,27,1, ,0
597,1,0,0,0,1,0,9.58,57.48,1,1,22,1, ,0
598,1,0,0,0,1,0,7.64,71.625,0,1,20,4, ,0
599,4,1,1,1,0, ,0,0, ,2,36,1, ,0
600,4,1,1,1,0, ,0,0, ,1,37,4, ,0
601,4,1,1,1,1,0,16,96,1,1,21,4, ,0
602,4,1,1,1,1,1,21.48,201.375,0,1,22,4, ,0
603,4,1,1,1,1,0,11.06,66.36,1,1,19,3, ,0
604,4,1,1,1,0, ,0,0, ,2,20,6, ,0
605,3,1,0,0,1,1,24,225,0,1,18,4, ,0
606,2,0,1,0,1,0,16,96,1,1,29,4, ,0
607,2,0,1,0,0, ,0,0, ,2,23,4, ,0
608,2,0,1,0,0, ,0,0, ,2,21,3, ,0
609,2,0,1,0,0, ,0,0, ,1,23,5, ,0
610,2,0,1,0,0, ,0,0, ,2,18,4, ,0
611,2,0,1,0,0, ,0,0, ,1,22,3, ,0
612,1,0,0,0,1,0,13.61,127.59375,0,1,18,4, ,0
613,4,1,1,1,1,0,16,150,0,1, ,4, ,0
614,4,1,1,1,0, ,0,0, ,1,27,3, ,0
615,4,1,1,1,0, ,0,0, ,2,30,4, ,0
616,4,1,1,1,1,0,16,96,1,2,18,4, ,0
617,4,1,1,1,1,1,15.62,146.4375,0,1,22,4, ,0
618,4,1,1,1,1,0,16,150,0,2,21,4, ,0
619,3,1,0,0,1,1,20.01,187.59375,0,1,19,4, ,0
620,4,1,1,1,0, ,0,0, ,2,21,4, ,0
621,4,1,1,1,1,0,12.56,117.75,0,2,18,3, ,0
622,4,1,1,1,0, ,0,0, ,2,22,4, ,0
623,4,1,1,1,0, ,0,0, ,2,18,3, ,0