state_code,state_name,licensing_guide_url,continuing_education_guide_url,tsi_course_availability,tsi_course_options_url,directory_reviewed_date
AK,Alaska,https://tsinational.com/alaska-insurance-prelicensing-requirements-2026/,https://tsinational.com/alaska-insurance-ce-renewal-requirements/,"course options available",https://tsinational.com/product/property-casualty-agent-licensing-ak/,2026-07-20
AL,Alabama,https://tsinational.com/alabama-insurance-prelicensing-requirements-2026/,https://tsinational.com/insurance-ce-renewal-alabama-continuing-education-renewal-alabama-ce/,"course options available",https://tsinational.com/product/property-casualty-agent-licensing-al/,2026-07-20
AR,Arkansas,https://tsinational.com/arkansas-insurance-prelicensing-requirements-2026/,https://tsinational.com/arkansas-insurance-continuing-education-compliance-arkansas-rule-50-ce/,"course options available",https://tsinational.com/product/life-healthself-study-licensing-ar/,2026-07-20
AZ,Arizona,https://tsinational.com/arizona-insurance-prelicensing-requirements-2026/,https://tsinational.com/arizona-insurance-ce-renewal-requirements/,"course options available",https://tsinational.com/arizona-insurance-license-exam-prep/,2026-07-20
CA,California,https://tsinational.com/california-insurance-prelicensing-requirements-2026/,https://tsinational.com/california-insurance-continuing-education/,"course options available",https://tsinational.com/product/life-health-annuity-agent-licensing-ca/,2026-07-20
CO,Colorado,https://tsinational.com/colorado-insurance-prelicensing-requirements-2026/,https://tsinational.com/colorado-insurance-ce-renewal-requirements/,"not currently offered",,2026-07-20
CT,Connecticut,https://tsinational.com/connecticut-insurance-prelicensing-requirements-2026/,https://tsinational.com/connecticut-insurance-ce-renewal-requirements/,"course options available",https://tsinational.com/product/property-casualty-agent-licensing-ct/,2026-07-20
DE,Delaware,https://tsinational.com/delaware-insurance-prelicensing-requirements-2026/,https://tsinational.com/delaware-insurance-license-renewal/,"course options available",https://tsinational.com/product/property-casualty-agent-licensing-de/,2026-07-20
FL,Florida,https://tsinational.com/florida-insurance-prelicensing-requirements-2026/,https://tsinational.com/florida-insurance-ce-renewal-requirements/,"course options available",https://tsinational.com/florida-insurance-prelicensing-requirements-2026/,2026-07-20
GA,Georgia,https://tsinational.com/georgia-insurance-prelicensing-requirements-2026/,https://tsinational.com/georgia-insurance-continuing-education-georgia-ce-requirements-biennial/,"course options available",https://tsinational.com/product/life-health-annuity-agent-licensing-ga/,2026-07-20
HI,Hawaii,https://tsinational.com/hawaii-insurance-prelicensing-requirements-2026/,https://tsinational.com/hawaii-insurance-ce-renewal-requirements/,"course options available",https://tsinational.com/product/property-casualty-agent-licensing-hi/,2026-07-20
IA,Iowa,https://tsinational.com/iowa-insurance-prelicensing-requirements-2026/,https://tsinational.com/iowa-insurance-continuing-education-iowa-insurance-producer-licensing/,"course options available",https://tsinational.com/product/property-casualty-agent-licensing-ia/,2026-07-20
ID,Idaho,https://tsinational.com/idaho-insurance-prelicensing-requirements-2026/,https://tsinational.com/idaho-insurance-continuing-education-idaho-producer-ce-requirements-24/,"course options available",https://tsinational.com/product/property-casualty-agent-licensing-id/,2026-07-20
IL,Illinois,https://tsinational.com/illinois-insurance-prelicensing-requirements-2026/,https://tsinational.com/illinois-insurance-ce-renewal-requirements/,"course options available",https://tsinational.com/illinois-property-casualty-license-course/,2026-07-20
IN,Indiana,https://tsinational.com/indiana-insurance-prelicensing-requirements-2026/,https://tsinational.com/indiana-insurance-ce-renewal-requirements/,"course options available",https://tsinational.com/product/life-health-annuity-agent-licensing-in/,2026-07-20
KS,Kansas,https://tsinational.com/kansas-insurance-prelicensing-requirements-2026/,https://tsinational.com/kansas-insurance-continuing-education-kansas-ce-renewal-rules-90-day/,"course options available",https://tsinational.com/product/property-casualty-agent-licensing-ks/,2026-07-20
KY,Kentucky,https://tsinational.com/kentucky-insurance-prelicensing-requirements-2026/,https://tsinational.com/kentucky-insurance-licensing-and-ce-requirements/,"not currently offered",,2026-07-20
LA,Louisiana,https://tsinational.com/louisiana-insurance-prelicensing-requirements-2026/,https://tsinational.com/louisiana-insurance-continuing-education/,"course options available",https://tsinational.com/product/property-casualty-agent-licensing-la/,2026-07-20
MA,Massachusetts,https://tsinational.com/massachusetts-insurance-prelicensing-requirements-2026/,https://tsinational.com/massachusetts-insurance-ce-renewal-requirements/,"course options available",https://tsinational.com/product/property-casualty-agent-licensing-ma/,2026-07-20
MD,Maryland,https://tsinational.com/maryland-insurance-prelicensing-requirements-2026/,https://tsinational.com/maryland-insurance-continuing-education-maryland-producer-ce-requirements/,"course options available",https://tsinational.com/product/property-casualty-agent-licensing-md/,2026-07-20
ME,Maine,https://tsinational.com/maine-insurance-prelicensing-requirements-2026/,https://tsinational.com/maine-insurance-continuing-education/,"course options available",https://tsinational.com/product/property-casualty-agent-licensing-me/,2026-07-20
MI,Michigan,https://tsinational.com/michigan-insurance-prelicensing-requirements-2026/,https://tsinational.com/michigan-insurance-ce-renewal-requirements/,"course options available",https://tsinational.com/product/life-health-annuity-agent-licensing-mi/,2026-07-20
MN,Minnesota,https://tsinational.com/minnesota-insurance-prelicensing-requirements-2026/,https://tsinational.com/minnesota-insurance-ce-renewal-requirements/,"not currently offered",,2026-07-20
MO,Missouri,https://tsinational.com/missouri-insurance-prelicensing-requirements-2026/,https://tsinational.com/missouri-insurance-continuing-education/,"course options available",https://tsinational.com/product/property-casualty-agent-licensing-mo/,2026-07-20
MS,Mississippi,https://tsinational.com/mississippi-insurance-prelicensing-requirements-2026/,https://tsinational.com/mississippi-insurance-ce-renewal-requirements/,"course options available",https://tsinational.com/product/mississippi-40-hour-pre-licensing-life-accident-health-exam-prep/,2026-07-20
MT,Montana,https://tsinational.com/montana-insurance-prelicensing-requirements-2026/,https://tsinational.com/montana-insurance-ce-renewal-requirements/,"course options available",https://tsinational.com/product/property-casualty-agent-licensing-mt/,2026-07-20
NC,"North Carolina",https://tsinational.com/north-carolina-insurance-prelicensing-requirements-2026/,https://tsinational.com/north-carolina-insurance-ce-renewal-requirements/,"course options available",https://tsinational.com/product/property-casualty-agent-licensing-nc/,2026-07-20
ND,"North Dakota",https://tsinational.com/north-dakota-insurance-prelicensing-requirements-2026/,https://tsinational.com/north-dakota-insurance-ce-renewal-requirements/,"course options available",https://tsinational.com/product/property-casualty-agent-licensing-nd/,2026-07-20
NE,Nebraska,https://tsinational.com/nebraska-insurance-prelicensing-requirements-2026/,https://tsinational.com/nebraska-insurance-continuing-education/,"course options available",https://tsinational.com/product/property-casualty-agent-licensing-ne/,2026-07-20
NH,"New Hampshire",https://tsinational.com/new-hampshire-insurance-prelicensing-requirements-2026/,https://tsinational.com/new-hampshire-insurance-ce-renewal-requirements/,"course options available",https://tsinational.com/product/property-casualty-agent-licensing-nh/,2026-07-20
NJ,"New Jersey",https://tsinational.com/new-jersey-insurance-prelicensing-requirements-2026/,https://tsinational.com/new-jersey-insurance-ce-renewal-requirements/,"not currently offered",,2026-07-20
NM,"New Mexico",https://tsinational.com/new-mexico-insurance-prelicensing-requirements-2026/,https://tsinational.com/new-mexico-insurance-ce-renewal-requirements/,"course options available",https://tsinational.com/product/property-casualty-agent-licensing-nm/,2026-07-20
NV,Nevada,https://tsinational.com/nevada-insurance-prelicensing-requirements-2026/,https://tsinational.com/nevada-insurance-ce-renewal-requirements/,"course options available",https://tsinational.com/product/property-casualty-agent-licensing-nv/,2026-07-20
NY,"New York",https://tsinational.com/new-york-insurance-prelicensing-requirements-2026/,https://tsinational.com/new-york-insurance-ce-renewal-requirements/,"not currently offered",,2026-07-20
OH,Ohio,https://tsinational.com/ohio-insurance-prelicensing-requirements-2026/,https://tsinational.com/ohio-insurance-ce-renewal-requirements/,"course options available",https://tsinational.com/ohio-insurance-license-exam-prep/,2026-07-20
OK,Oklahoma,https://tsinational.com/oklahoma-insurance-prelicensing-requirements-2026/,https://tsinational.com/oklahoma-insurance-ce-renewal-requirements/,"course options available",https://tsinational.com/product/property-casualty-agent-licensing-ok/,2026-07-20
OR,Oregon,https://tsinational.com/oregon-insurance-prelicensing-requirements-2026/,https://tsinational.com/oregon-insurance-ce-renewal-requirements/,"not currently offered",,2026-07-20
PA,Pennsylvania,https://tsinational.com/pennsylvania-insurance-prelicensing-requirements-2026/,https://tsinational.com/pennsylvania-insurance-ce-renewal-requirements/,"course options available",https://tsinational.com/product/property-casualty-agent-licensing-pa/,2026-07-20
RI,"Rhode Island",https://tsinational.com/rhode-island-insurance-prelicensing-requirements-2026/,https://tsinational.com/rhode-island-insurance-ce-renewal-requirements/,"course options available",https://tsinational.com/product/property-casualty-agent-licensing-ri/,2026-07-20
SC,"South Carolina",https://tsinational.com/south-carolina-insurance-prelicensing-requirements-2026/,https://tsinational.com/south-carolina-insurance-ce-renewal-requirements/,"course options available",https://tsinational.com/south-carolina-insurance-license-exam-prep/,2026-07-20
SD,"South Dakota",https://tsinational.com/south-dakota-insurance-prelicensing-requirements-2026/,https://tsinational.com/south-dakota-insurance-ce-renewal-requirements/,"course options available",https://tsinational.com/product/property-casualty-agent-licensing-sd/,2026-07-20
TN,Tennessee,https://tsinational.com/tennessee-insurance-prelicensing-requirements-2026/,https://tsinational.com/tennessee-insurance-ce-renewal-requirements/,"course options available",https://tsinational.com/tennessee-insurance-license-exam-prep/,2026-07-20
TX,Texas,https://tsinational.com/texas-insurance-prelicensing-requirements-2026/,https://tsinational.com/texas-insurance-ce-renewal-requirements/,"course options available",https://tsinational.com/property-and-casualty-insurance-license-requirements-in-texas/,2026-07-20
UT,Utah,https://tsinational.com/utah-insurance-prelicensing-requirements-2026/,https://tsinational.com/utah-insurance-ce-renewal-requirements/,"course options available",https://tsinational.com/product/life-health-annuity-agent-licensing-ut/,2026-07-20
VA,Virginia,https://tsinational.com/virginia-insurance-prelicensing-requirements-2026/,https://tsinational.com/virginia-insurance-ce-renewal-requirements/,"course options available",https://tsinational.com/virginia-insurance-license-exam-prep/,2026-07-20
VT,Vermont,https://tsinational.com/vermont-insurance-prelicensing-requirements-2026/,https://tsinational.com/vermont-insurance-ce-renewal-requirements/,"course options available",https://tsinational.com/product/property-casualty-agent-licensing-vt/,2026-07-20
WA,Washington,https://tsinational.com/washington-insurance-prelicensing-requirements-2026/,https://tsinational.com/washington-insurance-ce-renewal-requirements/,"course options available",https://tsinational.com/product/property-casualty-agent-licensing-wa/,2026-07-20
WI,Wisconsin,https://tsinational.com/wisconsin-insurance-prelicensing-requirements-2026/,https://tsinational.com/wisconsin-insurance-ce-renewal-requirements/,"course options available",https://tsinational.com/product/property-casualty-agent-licensing-wi/,2026-07-20
WV,"West Virginia",https://tsinational.com/west-virginia-insurance-prelicensing-requirements-2026/,https://tsinational.com/west-virginia-insurance-ce-renewal-requirements/,"course options available",https://tsinational.com/product/life-healthvirtual-licensing-wv/,2026-07-20
WY,Wyoming,https://tsinational.com/wyoming-insurance-prelicensing-requirements-2026/,https://tsinational.com/wyoming-insurance-ce-renewal-requirements/,"course options available",https://tsinational.com/product/property-casualty-agent-licensing-wy/,2026-07-20
